{"cameraMode":{"drawMode":0,"name":"Shaded","section":"Shading Mode"},"sceneLighting":true,"audioPlay":false,"sceneViewState":{"showFog":true,"showMaterialUpdate":false,"showSkybox":true,"showFlares":true,"showImageEffects":true,"showParticleSystems":true},"in2DMode":false,"pivot":{"x":2.5614209175109865,"y":9.188886642456055,"z":-1.9092121124267579},"rotation":{"x":0.040690984576940539,"y":0.898857831954956,"z":-0.0854765847325325,"w":0.427897185087204},"size":10.0,"orthographic":false}