{"cameraMode":{"drawMode":0,"name":"Shaded","section":"Shading Mode"},"sceneLighting":false,"audioPlay":false,"sceneViewState":{"showFog":true,"showMaterialUpdate":false,"showSkybox":false,"showFlares":true,"showImageEffects":true,"showParticleSystems":true},"in2DMode":false,"pivot":{"x":0.6882232427597046,"y":0.28450819849967959,"z":-2.7764413356781008},"rotation":{"x":-0.18892386555671693,"y":0.7939432263374329,"z":-0.30594199895858767,"w":-0.49027204513549807},"size":0.38176554441452029,"orthographic":false}