{"cameraMode":{"drawMode":0,"name":"Shaded","section":"Shading Mode"},"sceneLighting":true,"audioPlay":false,"sceneViewState":{"showFog":true,"showMaterialUpdate":false,"showSkybox":true,"showFlares":true,"showImageEffects":true,"showParticleSystems":true},"in2DMode":false,"pivot":{"x":11.82483196258545,"y":8.294124603271485,"z":3.6990671157836916},"rotation":{"x":-0.1704774647951126,"y":0.7743092179298401,"z":-0.2347024530172348,"w":-0.5624265670776367},"size":3.243342161178589,"orthographic":false}